{"O9vH5ISxPDopYnRXL08uFA==":"mbr-1920x1282.jpg","mBENMRB/rkc8J+hO78npwg==":"mbr-1920x1228.jpg","nu/HNJUgs0MpprzdBDcNIQ==":"mbr-1920x1280.jpg","yOCx0bLW7vkP/xgKs8MuEw==":"mbr-1920x1281.jpg","ntOVbEJO13LacuSw+frDow==":"mbr-1920x1357.jpg","MLW89h7IleDe8KrgSRokhg==":"mbr-1-1920x1280.jpg","ovwdCnOPHYPZUEW6q7ZrDw==":"mbr-1-1920x1281.jpg","IGRRRtAKrI41+AYDqEIz3A==":"mbr-2-1920x1280.jpg","Sws8jpOBm9xQycWvAYBDdQ==":"mbr-1920x1277.jpg","qp7IEnWC0UlMYmvyOI5pyg==":"mbr-3-1920x1280.jpg","UJUu5OKr21BYXa0FoWbqQA==":"mbr-4-1920x1280.jpg","/6EZDXZ74sahlrQ/YJEWog==":"mbr-5-1920x1280.jpg","FLbtDO+32z2tJF2MIY8GTQ==":"mbr-6-1920x1280.jpg","eA8RGIUDkKZbwXbyBRh6gA==":"mbr-1920x1152.jpg","1xsunrDYDJRkY1BrRPO3og==":"mbr-1-1920x1357.jpg","EJDcLd3c/2WSAmhY3CYbQA==":"mbr-7-1920x1280.jpg","3z8W2wMyHUmulBSi9lBolg==":"mbr-8-1920x1280.jpg","Qn6HEXnAymjnkeTrKFC+fA==":"mbr-1920x1920.jpg","ls+LlfMKJZzWZwahg0Kfug==":"mbr-9-1920x1280.jpg","6/ZYlFkKVC0jpM/WwscpyA==":"mbr-10-1920x1280.jpg","X3wge5wZYkPSJEq0pXGmGA==":"mbr-11-1920x1280.jpg","N618tiOykp4RUxFq3sIlAw==":"mbr-2-1920x1357.jpg","7pujgdDOHgOGsQs+J4atCg==":"mbr-12-1920x1280.jpg","c5CBTULY2ejc3cVdb4zekQ==":"mbr-13-1920x1280.jpg","cZjxECmU836/pZGGH70XYQ==":"mbr-1920x1080.jpg","zuLCgGDX2IuvO1v4d825iQ==":"mbr-14-1920x1280.jpg","teTuqAdRlCpXgR5wJCUx0Q==":"mbr-1-1920x1080.jpg","boxzrk32xG8aM7XFxSKWSg==":"mbr-15-1920x1280.jpg","YzHBuxKWkWMxeQi61eK5Dg==":"mbr-16-1920x1280.jpg","lHScb5Ic4r5oYJoKz1jiTw==":"mbr-17-1920x1280.jpg","R7WDkMC2KkcnilFgRhfrBQ==":"mbr-18-1920x1280.jpg","CntAEsZpjSodnc/4TWMaYw==":"mbr-1920x1440.jpg","9qOhOXgjMxc3sqPWpzNbgA==":"mbr-2-1920x1281.jpg","YqnvuWpkTMcQpQ9gVWwMhw==":"mbr-1920x1232.jpg","EtYiAfEDMU7YXuRAfP1BqQ==":"mbr-1920x1248.jpg","5Zm3fBPpESWcvCHSHoWYZw==":"mbr-19-1920x1280.jpg","xWauykog9rpVr/TgsF+MVA==":"mbr-20-1920x1280.jpg","jAaPxAnneNKgDBSqmaHF/A==":"mbr-21-1920x1280.jpg","KE2zS/QatSyI6335fm9kEg==":"mbr-22-1920x1280.jpg","i7abUcDqUTFb+EYmmDnXFg==":"mbr-23-1920x1280.jpg","g2Tazjuol79Ah5OPt/3JKw==":"mbr-24-1920x1280.jpg","jhubGjZAsuTryKj+fr1KjA==":"mbr-25-1920x1280.jpg","carnKSKLAHd4xXwW8qBHFw==":"mbr-1920x1491.jpg","rhyGayAmYDfTQLIf31hXXA==":"mbr-26-1920x1280.jpg","4umhb9KlkQXfKkak00FX1A==":"mbr-27-1920x1280.jpg","1LtCi8/ZiViFN04zD2BgWg==":"mbr-3-1920x1357.jpg","JinI89QfPfF+fKmKbGzoog==":"mbr-28-1920x1280.jpg","JUANQWRUjTb7735maFOKJw==":"mbr-29-1920x1280.jpg","AaqcegF49Pg1RRpxMjrUfg==":"mbr-1108x739.jpg","uTMlsaIXMjZOujZJvpE8rg==":"mbr-1-1108x739.jpg","1G5VMf88X4RhjM684+Fb3w==":"mbr-2-1108x739.jpg","huDMlU9o6LQ17phas24FbA==":"mbr-1108x738.jpg","/VdEOv93UXebJfg6gxd+Xg==":"mbr-1266x844.jpg","gTAj7F2ckLYTWc2gi4yjWw==":"mbr-1-1920x1277.jpg","bywSnrL8vJoiHT0i7zMQ8A==":"mbr-30-1920x1280.jpg","WKF0h8M78lofQAadljokjg==":"mbr-1108x772.jpg","g5QlisddlxZ95w09auHJsw==":"mbr-1108x736.jpg","4cbq+8nDUP5H0sEbgN7gOA==":"mbr-3-1108x739.jpg","me/Pn+lqlege5btxv3DdXA==":"mbr-4-1108x739.jpg","njNfxyS1fX8y13lrNV+m5A==":"mbr-1266x1204.png","v02mnb1psSjGzAUelWGZlw==":"mbr-1920x1288.jpg","jFC3u1s3W/ybgYCSqb+zZQ==":"mbr-5-1108x739.jpg","ZKyGsfnRBVkD+Exh+xkBhA==":"mbr-1108x627.jpg","o0HoLknRVC8CBuaO8QfoJQ==":"mbr-1108x623.jpg","3ijJvGHNcA7iLeDm+XFX+A==":"mbr-1108x596.jpg","0n3ApoCe18pSeNMRnLgoJg==":"mbr-1266x762.jpg","eQmUpz1zboANV6hwvQh1Ng==":"mbr-31-1920x1280.jpg","s5D8z7Mb0QdJg33M3bc6qg==":"mbr-32-1920x1280.jpg","5/7pTgpOL++99LJcgEmNoQ==":"mbr-33-1920x1280.jpg","99Kxx+/mKNfy/BqDAvHr2w==":"mbr-1266x791.jpg","911X7bM4yT2Mobv6BsMc+g==":"background8.jpg","1rE5/Ug9udDVsDKd7TlRqg==":"mbr-1108x608.png","YbV6Vw8cq/Z6XpK4YZPGVw==":"mbr-6-1108x739.jpg","zF4ns88GmXrketvxZyKwRA==":"mbr-7-1108x739.jpg","Z8FKvEBpC8mVDlHEvsc0dA==":"mbr-8-1108x739.jpg","b4COV6TOKNdoJOf6vQ0Lew==":"mbr-1-1266x844.jpg","/2Ak+Qf15bvZNWNuLoB+IQ==":"mbr-34-1920x1280.jpg","7UJz5YKkdYEsxz1vnSWUNg==":"mbr-3-1920x1281.jpg","2wNaFCPUbKgB1A/sF08HPA==":"mbr-9-1108x739.jpg","o6G551ic42CK5nwQI6A3kw==":"mbr-1-1108x623.jpg","eyt2BKzDWB5ov+UEx+nKgg==":"mbr-10-1108x739.jpg","8SUCenjzUPP843jfHAPl2Q==":"mbr-1920x1188.jpg","UCcQVKRPDhPTNeLwM0bd4Q==":"mbr-1266x1266.jpg","CVDvYc2L0zvdgIRVAsnu2g==":"mbr-2-1920x1277.jpg","AFvEoWKpXcE0dkxnnRu2Rg==":"mbr-1920x1275.jpg","gKTfz9rh/Dt8oiuYUd3rkg==":"mbr-35-1920x1280.jpg","0T5IqXqwmOQYRo12dQ1ExA==":"mbr-1266x1786.png","tC2c/fSt2r3asOblxVfkhw==":"mbr-36-1920x1280.jpg","CBmmbYgclkJP9wp9sl4xcQ==":"mbr-1076x718.jpg","V1FXywvAOuWsH7eLq2K8TA==":"mbr-1266x1454.png","jJ3W7JmWM5UFPzEVVWjDww==":"mbr-37-1920x1280.jpg","s/uWAopng+zFdUgAMR0WdQ==":"mbr-1-1920x1152.jpg","pRHTVqy1ITtv+cIrK0U9Fw==":"mbr-1266x844.png","jvh+gGPZ3ksIDLIDGY7IPg==":"mbr-1266x919.png","UH6+JfjOmH5Z3FvGSOJUbg==":"mbr-38-1920x1280.jpg","LgwLgE3jUE+aNFIm9hjueA==":"mbr-1266x1266.png","nLbhwfXj22nbUeImvtcs9g==":"mbr-1920x1153.jpg","ufIYVgmC7uWJbiezk3VGuw==":"mbr-1-1920x1440.jpg","Z14rFST04XsjZmkLSfC89w==":"mbr-39-1920x1280.jpg","mQMxt/ImM9PGgJs+cfHu+Q==":"mbr-1266x1572.png","u08Qbw7FOkZRBBEpSO2fJw==":"mbr-40-1920x1280.jpg","t1pL0H/ltlQU+1bOwPwppg==":"mbr-41-1920x1280.jpg","o+2NmvN13zxdfFJcxruUng==":"mbr-1266x1102.png","PrGyi/uWd0B4ZSVJOxWrYQ==":"mbr-42-1920x1280.jpg","2dMWPlAAFNV0i7laYLp0+A==":"mbr-1920x1272.jpg","FZUezerGCezz0LLd+aWn6A==":"mbr-960x1920.png","DW+xU67OYvfJ6y7PqpRVDA==":"mbr-1481x1481.png","caR0OFn0PWKoRp1es9iC1Q==":"mbr-2-1920x1440.jpg","iDcXafbgfz3Ud0ifvIrd2A==":"mbr-43-1920x1280.jpg","q2o0gg9QLRw2iwDvtROycg==":"mbr-1280x1920.jpg","yMRAjzkzU9CyqOTZ4nvJFQ==":"mbr-1920x1200.jpg","L11tw4kCNKpjs6CrYqtEQA==":"mbr-1481x987.png","Ko8IyDWk2dEJ1d4zQKDhag==":"mbr-44-1920x1280.jpg","ayNp4dLmS+XmxZ6TK7rStw==":"mbr-1920x1271.jpg","5u6gIybwWrOmNSLgvxQ1fA==":"mbr-1481x1078.png","MOUUIKEaDgzKsF+GQA58Cg==":"mbr-1-1920x1275.jpg","/evoLSuifwx7ChBU6JvoVQ==":"mbr-1481x741.png","4mnjQ7eBIWl0UMHSl19Ocg==":"mbr-1920x1214.jpg","Dc/Gt9DAzT9tkO6OL+IDTA==":"mbr-2-1920x1275.jpg","bRTACp48nFP9/5TcE3OtWw==":"mbr-2-1920x1080.jpg","WCqC5DiYU1j0RWO/he08Lg==":"mbr-3-1920x1080.jpg","I/OK21povva6H4ZYUomT0A==":"mbr-1481x1535.png","G79NAfJX8LRH6zmrOWXAUg==":"mbr-45-1920x1280.jpg","5XxMWdpEKTssb43Dr44vPg==":"mbr-46-1920x1280.jpg","MIWyf4Zcys2jso5mkMMhyQ==":"mbr-1481x1454.png","zUwygWVRXXOzJIbQSxKt+A==":"mbr-47-1920x1280.jpg","9KqEc1ShK2DeiP3PAT9kag==":"mbr-1481x1112.png","0r5eU6Ota+HyMu+vjur6Ew==":"mbr-48-1920x1280.jpg","0Yeddl3jr+HR61cxsGQ+AQ==":"mbr-1920x1352.jpg","h7xKoiby3qftzm6Dzvvbvg==":"mbr-1-1481x987.png","adXE+N7wDrRyU0AmBPeC/A==":"mbr-3-1920x1440.jpg","mHSXV3eH8MJBhi7DmajmXA==":"mbr-49-1920x1280.jpg","sgjtD3BXVjnSOrQBu0jzXQ==":"mbr-1481x1701.png","TULqQoJ0lfrV7PZYV8/cnA==":"mbr-50-1920x1280.jpg","aBpJN722rM54mKEHcNH7dw==":"mbr-1920x1285.jpg","v2iAJoLpAzmX0PhAngkjhg==":"mbr-1481x984.png","LIKblRRIB7YITqR5/bdx6Q==":"mbr-4-1920x1281.jpg","QMw8w2YbMi7BGfaRNTpeHQ==":"mbr-5-1920x1281.jpg","UO9E18V/mZAmgS7TxMgYWg==":"mbr-1481x987.jpg","z4YwkqGj+umncriueabs8g==":"mbr-51-1920x1280.jpg","NCT/o6yBXgjBM5XDT2W1XA==":"mbr-4-1920x1440.jpg","BtZvbePpqXMQsd/nPniIhw==":"mbr-1-1481x987.jpg","PzGRAbmt1ququO1LnNLqAg==":"mbr-1920x1002.jpg","LZHDRowFiSF3LyaMYOoU2w==":"mbr-52-1920x1280.jpg","KYt+toyjGSCy+hFDFV8wHQ==":"mbr-3-1920x1275.jpg","fmI/yKmGvVf7YnyEkSn3Xg==":"mbr-2-1481x987.jpg","uvs7Dtk1APrzarSilAH6bA==":"mbr-53-1920x1280.jpg","GyEET6zrfmjZaJkROD0h6A==":"mbr-54-1920x1280.jpg","dIrT6LMRujwP9S1pT2CONA==":"mbr-3-1481x987.jpg","ASQKGA3VMLwrJgnoXdqD9w==":"mbr-1920x1283.jpg","nQVMAUPepGGgxdWiMOjJvw==":"mbr-55-1920x1280.jpg","9gwgNBUOO1Q/44FXA3Ku2g==":"mbr-1920x1135.jpg","6ZAD5cTR/4hlyusl/qW0uw==":"mbr-4-1920x1080.jpg","cS+OITShIb3DItFdQhdgRw==":"mbr-4-1481x987.jpg","q6GJmDL/1EAfdx2PfN09LA==":"mbr-1920x1279.jpg","H9HWGSIfxpPC6P45DkwIrg==":"mbr-1481x1191.png","GgJO5bbZ/EgKGuQ00mPKYA==":"mbr-6-1920x1281.jpg","XM9umIcCeqfZEJZY3MgEbg==":"mbr-5-1481x987.jpg","AXqKRvWazH42sAjS4XDFYg==":"mbr-7-1920x1281.jpg","Yy/jnt3Z2rogccFZTi+jWw==":"mbr-1-1920x1271.jpg","fhCBbUn9j61eDFlL721aBw==":"mbr-6-1481x987.jpg","2hBuARgSPG9bnlV9nH/CFA==":"mbr-56-1920x1280.jpg","SSEg0Dk+ME7ATbQZxQ53pw==":"mbr-1-1920x1285.jpg","PbuyqUO2+TcjFQkn1lB0tg==":"mbr-1481x1001.png","a75AJjk9h3il02XT5fKTqw==":"mbr-2-1920x1271.jpg","bQ+WaLPcIKQlo+r4fD+RrQ==":"mbr-1920x1237.jpg","0l9cTfh9RGxZwtj/UyK2+g==":"mbr-1920x1304.jpg","zRfXlZeHPq5t/fMnfUMqCw==":"mbr-7-1481x987.jpg","k3zWku1tkeH3LxNtfcpTcQ==":"mbr-57-1920x1280.jpg","BLBedzF2sp7Vai3BdEuYjA==":"mbr-8-1481x987.jpg","dg+r6JyEJBMQosfZZoFvIA==":"mbr-58-1920x1280.jpg","6/npPKDsDOl5vhDLZNgktA==":"mbr-59-1920x1280.jpg","v8BvW7sR3adpD5oQf+65vw==":"mbr-1481x988.jpg","btgbrtkHoL5W0DW/x6NgUg==":"mbr-60-1920x1280.jpg","VQVqDg0c0jgBUUV2ePq28w==":"mbr-9-1481x987.jpg","svQNyia6TGb7Maogy80p7w==":"mbr-1920x919.jpg","MKioIs1s8lrEuSqPrnw8Gg==":"mbr-8-1920x1281.jpg","6ih0S6SYvAi2hZL2mg8qIQ==":"mbr-10-1481x987.jpg","Xqfj9Zn+M61k2UU05XpkZw==":"mbr-3-1920x1271.jpg","Ee1wRwHrYP7ExJR4c+pDwg==":"mbr-9-1920x1281.jpg","a0jCO9O03GSz/SQ+qTIDJw==":"mbr-1481x994.jpg","sTvIDhb7tPrbpITk6E47Eg==":"mbr-61-1920x1280.jpg","u7fWfFJbFCfFJq5rNmaZwQ==":"mbr-62-1920x1280.jpg","LOu1CEnZyVuVt+E5lfu6sw==":"mbr-1481x983.jpg","hapeFslfIQxy0p09C/VBgA==":"mbr-1920x967.jpg","M/+0/IRG+MTHUnMscqssmA==":"mbr-1-1920x1272.jpg","P59bpSqCmLJuQane19n0pQ==":"mbr-11-1481x987.jpg","CN6BQ9fvBAKL5oc22O9/Ow==":"mbr-5-1920x1080.jpg","sdxmNaqTPqjmLdpV9FUyig==":"mbr-1920x1280.jpg","faOBBC7z/bCaocFvHJ8S6Q==":"mbr-1481x987.jpg","H71/kKOtzNMA3NeD1/BFMg==":"mbr-1-1920x1280.jpg","a2XkH85NcgzpcA2S0JLb0A==":"mbr-2-1920x1280.jpg","3Y5KWsGgQ46zcPfo0Y+Gsw==":"mbr-1-1481x987.jpg","2PMsnFITmBxKXe/GgDL4Bw==":"mbr-3-1920x1280.jpg","Dj0eHffzklIZtKba2RvYrw==":"mbr-2-1481x987.jpg","Z/RCxvKS8melIo2DAql7LQ==":"mbr-5-1920x1280.jpg","AymM3TpczRbF2fSJc3Z6qg==":"mbr-3-1481x987.jpg","01h/p4moe5rP2EXUmwuD5Q==":"mbr-6-1920x1280.jpg","pWyJU8mOEGCLE4DU55k1Aw==":"mbr-1920x1255.jpg","J9Q/I86LXwtiPAEWa7mGvw==":"mbr-1481x889.jpg","3FXRho3MuQse65qi7nl6HA==":"mbr-7-1920x1280.jpg","/h6UzwOPk/EUu09i0IEu9A==":"mbr-8-1920x1280.jpg","kAReS1i95658Q3h2aaiTIQ==":"mbr-1481x916.jpg","bML+wG/5V3gxBzG6+pudXw==":"mbr-9-1920x1280.jpg","+BkMOrzfbp04D/UTrWV3hQ==":"mbr-1920x1281.jpg","NjSrTTJqhd4nivbcoKFmRg==":"mbr-1481x989.jpg","1TH4kJHTya7mybEvwwwS1w==":"mbr-10-1920x1280.jpg","1QR2Q9NjjjJKZ0fJbXsEWw==":"mbr-1920x1239.jpg","7hghgfKkYrUcpYPf64sn+w==":"mbr-4-1481x987.jpg","BSjh8P5zxQUo7AIzfBL3yw==":"mbr-11-1920x1280.jpg","g6OQDAOCJzCBtynstumJgw==":"mbr-12-1920x1280.jpg","CHrFcG5rnXJYQUfs7c1Bkw==":"mbr-5-1481x987.jpg","jt6afVWjV8XdKO2MNCsy3g==":"mbr-13-1920x1280.jpg","U1o85HdKHlUQRgTlAKeeiQ==":"mbr-14-1920x1280.jpg","zXtzqwlJxGdc1meOcyqZHw==":"mbr-15-1920x1280.jpg","I3i7GnSmOcSnPIUO/+7OdQ==":"mbr-1561x1041.jpg","TJsnewgvmzBv7avgqcAD7w==":"mbr-16-1920x1280.jpg","eYGNUWV52snRPIiOMB5rHw==":"mbr-17-1920x1280.jpg","HeSPKjQM3pF6u91mB9pYrw==":"mbr-1-1561x1041.jpg","hYmpA6aj4twWkfvGyFZJtQ==":"mbr-18-1920x1280.jpg","+Kn59hzdHzG6Yvahgz4mCw==":"mbr-1561x1037.jpg","P1TvmjdxVr0P4lWwdwZ2Cw==":"mbr-2-1561x1041.jpg","QY+LS+gq0nb2XNmm6ZAeaw==":"mbr-1920x1275.jpg","nZBRPWqF83mDG0pQ7Y8rvw==":"mbr-1920x1276.jpg","FyCbV/APeeoi8c719Vuohg==":"mbr-1561x1041.jpg","f3LF+WrcYrMH3v3mOIvlJw==":"mbr-1920x1280.jpg","U4K+TvyNmcllvXiaBg3Lhg==":"mbr-1920x1279.jpg","+F3kwJPHbMyXgNJqdqtRbg==":"mbr-1-1561x1041.jpg","AAnxBc36ZUgWPAq95G8yDQ==":"mbr-1-1920x1275.jpg","nrte7/m/kByQkWK+Zc+iAA==":"mbr-1-1920x1280.jpg","4umpturNpUIfr3Gc+YzUhg==":"mbr-3-1561x1041.jpg","0+NME85mTvvL3vG3z/gj8w==":"mbr-2-1920x1280.jpg","AeLwzA9LUIEmPPUBFwdP5w==":"mbr-3-1920x1280.jpg","m+FyZ8cEIyJwMrhYI3VDWA==":"mbr-4-1561x1041.jpg","yXhlgoqzb6vPDMxLuLYeRQ==":"mbr-4-1920x1280.jpg","bumJs39I3EzKBJajIp+Hvg==":"mbr-5-1561x1041.jpg","jdWdbplwn7aUaHKFTaQ3Cw==":"mbr-6-1561x1041.jpg","8VgbPaGir0VBevS5TWb1rQ==":"mbr-5-1920x1280.jpg","vjUcPdq8r4zWIyJ+whdpRw==":"mbr-1920x1286.jpg","SMSTj7ZxwYqHaCQlFhYeeg==":"mbr-7-1561x1041.jpg","YHLxOWt1zHCXQhEWTF61Dg==":"mbr-1-1920x1279.jpg","6zh/a07m4mvNl9guMRjB8w==":"mbr-2-1920x1279.jpg","J8AVG9vxGp2OybItSgSHQg==":"mbr-1561x1040.jpg","e5dl4Q4OXc4rvHsh8vhn1w==":"mbr-6-1920x1280.jpg","Uq7ohdiupEBrHZ517c6wvA==":"mbr-7-1920x1280.jpg","TFsACnXsNSBESDiMCjjE/w==":"mbr-8-1561x1041.jpg","zjThmKIxf+x6WvwqKWv3JA==":"mbr-8-1920x1280.jpg","VWF3Mb2n5vL1YwAlgRRP8A==":"mbr-1920x1246.jpg","HxgIV/GCDa7nQl9r+MGHyQ==":"mbr-9-1920x1280.jpg","b4yfGj6GI4kbTw4CuWG8AA==":"mbr-1561x1037.jpg","m9rkWVVMOgVNCVz+TnM9TQ==":"mbr-1920x1281.jpg","r6oqcIj3OFfJFg/WHXj5wg==":"mbr-10-1920x1280.jpg","IRHD7QUFeH4T0C4Bxj9cfQ==":"mbr-9-1561x1041.jpg","QdE/zybMXz8e3VlsF9g52w==":"mbr-1920x1141.jpg","4PBDdEyjPOrenEq11vW8Zg==":"mbr-10-1561x1041.jpg","ZVB/Be6uqNRNVS0cYiHuCQ==":"mbr-1920x1239.jpg","n7oMF+2tugj9JDCZhNCxag==":"mbr-11-1561x1041.jpg","9PqyACM9FfcrDB2BTagmKw==":"mbr-11-1920x1280.jpg","iMV8D8twLctH9evKjjK8Yg==":"mbr-1920x1280.jpg","dB3R1kWv3LvkQmUzdjMomA==":"mbr-1920x1440.jpg","EUlHW7Nre3QR2ij/7Fsn7Q==":"mbr-1920x1279.jpg","E+TSlFiwGsV7tCBpjiVihA==":"mbr-1-1561x1041.jpg","6D1zJ8OWFWaXxKGUD0gonQ==":"mbr-1920x1275.jpg","cBK3ujVoU4jZ/GJMemB+Pw==":"mbr-2-1561x1041.jpg","a/vNUQybmW7mVBRI0ZRO6A==":"mbr-1-1920x1280.jpg","NQwQUn1CkSAMXzbRHwNzsQ==":"mbr-1-1920x1275.jpg","BGYDt4JzalOxgd6wrS67+w==":"mbr-1493x1920.png","jG693CBEr6CYy2ITgntKUw==":"mbr-2-1920x1280.jpg","B/uMGsJ8SdWLs60wXMzpfw==":"mbr-1920x1200.jpg","RrExL4XjgV24BKl7XwPNmA==":"mbr-1561x1040.jpg","vqSVxiM5/06MaBD5yVP9Hw==":"mbr-3-1920x1280.jpg","VZFS+dNmOBY0YXbcu8IkmQ==":"mbr-4-1920x1280.jpg","/izrYAQW99F6J188I1j/6g==":"mbr-1561x1039.jpg","OX2pCqTYcnKqhtADEZn2Tw==":"mbr-5-1920x1280.jpg","i7UcRiSTjzhCBW1vUjayeQ==":"mbr-3-1561x1041.jpg","pklb/eaBRMuLMYmUtseF/w==":"mbr-7-1920x1280.jpg","SU2M1wqXeN757CGwhB2S6Q==":"mbr-1561x1212.jpg","Ug3j7idb/tkANoeFQc5S6w==":"mbr-1561x1305.png","O8cQp+HMp1mi1v7FkUiBAA==":"mbr-4-1561x1041.jpg","qXNTe6dVnaw8kj+xZCee5w==":"mbr-1920x1080.jpg","URoDKLLVE457BKR8qyZ3QQ==":"mbr-5-1561x1041.jpg","hfwsYjUZqHB1BVQoecMh6w==":"mbr-6-1561x1041.jpg","r1n0yDSmLZ2AlxC7jPqNvw==":"mbr-1920x1371.jpg","7R8xmlFsRCDsDb8470vbbg==":"mbr-1266x844.jpg","DbwgNOsVfxCjaQsWCQ5SFg==":"mbr-8-1920x1280.jpg","1LD+qkWM39FtkfWOjs+ssg==":"mbr-1-1266x844.jpg","hfLSXvVKPOaBq8XFBnZ+sA==":"mbr-1920x1280.jpg"}