{"O9vH5ISxPDopYnRXL08uFA==":"mbr-1920x1282.jpg","mBENMRB/rkc8J+hO78npwg==":"mbr-1920x1228.jpg","nu/HNJUgs0MpprzdBDcNIQ==":"mbr-1920x1280.jpg","yOCx0bLW7vkP/xgKs8MuEw==":"mbr-1920x1281.jpg","ntOVbEJO13LacuSw+frDow==":"mbr-1920x1357.jpg","MLW89h7IleDe8KrgSRokhg==":"mbr-1-1920x1280.jpg","ovwdCnOPHYPZUEW6q7ZrDw==":"mbr-1-1920x1281.jpg","IGRRRtAKrI41+AYDqEIz3A==":"mbr-2-1920x1280.jpg","Sws8jpOBm9xQycWvAYBDdQ==":"mbr-1920x1277.jpg","qp7IEnWC0UlMYmvyOI5pyg==":"mbr-3-1920x1280.jpg","UJUu5OKr21BYXa0FoWbqQA==":"mbr-4-1920x1280.jpg","/6EZDXZ74sahlrQ/YJEWog==":"mbr-5-1920x1280.jpg","FLbtDO+32z2tJF2MIY8GTQ==":"mbr-6-1920x1280.jpg","eA8RGIUDkKZbwXbyBRh6gA==":"mbr-1920x1152.jpg","1xsunrDYDJRkY1BrRPO3og==":"mbr-1-1920x1357.jpg","EJDcLd3c/2WSAmhY3CYbQA==":"mbr-7-1920x1280.jpg","3z8W2wMyHUmulBSi9lBolg==":"mbr-8-1920x1280.jpg","Qn6HEXnAymjnkeTrKFC+fA==":"mbr-1920x1920.jpg","ls+LlfMKJZzWZwahg0Kfug==":"mbr-9-1920x1280.jpg","6/ZYlFkKVC0jpM/WwscpyA==":"mbr-10-1920x1280.jpg","X3wge5wZYkPSJEq0pXGmGA==":"mbr-11-1920x1280.jpg","N618tiOykp4RUxFq3sIlAw==":"mbr-2-1920x1357.jpg","7pujgdDOHgOGsQs+J4atCg==":"mbr-12-1920x1280.jpg","c5CBTULY2ejc3cVdb4zekQ==":"mbr-13-1920x1280.jpg","cZjxECmU836/pZGGH70XYQ==":"mbr-1920x1080.jpg","zuLCgGDX2IuvO1v4d825iQ==":"mbr-14-1920x1280.jpg","teTuqAdRlCpXgR5wJCUx0Q==":"mbr-1-1920x1080.jpg","boxzrk32xG8aM7XFxSKWSg==":"mbr-15-1920x1280.jpg","YzHBuxKWkWMxeQi61eK5Dg==":"mbr-16-1920x1280.jpg","lHScb5Ic4r5oYJoKz1jiTw==":"mbr-17-1920x1280.jpg","R7WDkMC2KkcnilFgRhfrBQ==":"mbr-18-1920x1280.jpg","CntAEsZpjSodnc/4TWMaYw==":"mbr-1920x1440.jpg","9qOhOXgjMxc3sqPWpzNbgA==":"mbr-2-1920x1281.jpg","YqnvuWpkTMcQpQ9gVWwMhw==":"mbr-1920x1232.jpg","EtYiAfEDMU7YXuRAfP1BqQ==":"mbr-1920x1248.jpg","5Zm3fBPpESWcvCHSHoWYZw==":"mbr-19-1920x1280.jpg","xWauykog9rpVr/TgsF+MVA==":"mbr-20-1920x1280.jpg","jAaPxAnneNKgDBSqmaHF/A==":"mbr-21-1920x1280.jpg","KE2zS/QatSyI6335fm9kEg==":"mbr-22-1920x1280.jpg","i7abUcDqUTFb+EYmmDnXFg==":"mbr-23-1920x1280.jpg","g2Tazjuol79Ah5OPt/3JKw==":"mbr-24-1920x1280.jpg","jhubGjZAsuTryKj+fr1KjA==":"mbr-25-1920x1280.jpg","carnKSKLAHd4xXwW8qBHFw==":"mbr-1920x1491.jpg","rhyGayAmYDfTQLIf31hXXA==":"mbr-26-1920x1280.jpg","4umhb9KlkQXfKkak00FX1A==":"mbr-27-1920x1280.jpg","1LtCi8/ZiViFN04zD2BgWg==":"mbr-3-1920x1357.jpg","JinI89QfPfF+fKmKbGzoog==":"mbr-28-1920x1280.jpg","JUANQWRUjTb7735maFOKJw==":"mbr-29-1920x1280.jpg","AaqcegF49Pg1RRpxMjrUfg==":"mbr-1108x739.jpg","uTMlsaIXMjZOujZJvpE8rg==":"mbr-1-1108x739.jpg","1G5VMf88X4RhjM684+Fb3w==":"mbr-2-1108x739.jpg","huDMlU9o6LQ17phas24FbA==":"mbr-1108x738.jpg","/VdEOv93UXebJfg6gxd+Xg==":"mbr-1266x844.jpg","gTAj7F2ckLYTWc2gi4yjWw==":"mbr-1-1920x1277.jpg","bywSnrL8vJoiHT0i7zMQ8A==":"mbr-30-1920x1280.jpg","WKF0h8M78lofQAadljokjg==":"mbr-1108x772.jpg","g5QlisddlxZ95w09auHJsw==":"mbr-1108x736.jpg","4cbq+8nDUP5H0sEbgN7gOA==":"mbr-3-1108x739.jpg","me/Pn+lqlege5btxv3DdXA==":"mbr-4-1108x739.jpg","njNfxyS1fX8y13lrNV+m5A==":"mbr-1266x1204.png","v02mnb1psSjGzAUelWGZlw==":"mbr-1920x1288.jpg","jFC3u1s3W/ybgYCSqb+zZQ==":"mbr-5-1108x739.jpg","ZKyGsfnRBVkD+Exh+xkBhA==":"mbr-1108x627.jpg","o0HoLknRVC8CBuaO8QfoJQ==":"mbr-1108x623.jpg","3ijJvGHNcA7iLeDm+XFX+A==":"mbr-1108x596.jpg","0n3ApoCe18pSeNMRnLgoJg==":"mbr-1266x762.jpg","eQmUpz1zboANV6hwvQh1Ng==":"mbr-31-1920x1280.jpg","s5D8z7Mb0QdJg33M3bc6qg==":"mbr-32-1920x1280.jpg","5/7pTgpOL++99LJcgEmNoQ==":"mbr-33-1920x1280.jpg","99Kxx+/mKNfy/BqDAvHr2w==":"mbr-1266x791.jpg","911X7bM4yT2Mobv6BsMc+g==":"background8.jpg","1rE5/Ug9udDVsDKd7TlRqg==":"mbr-1108x608.png","YbV6Vw8cq/Z6XpK4YZPGVw==":"mbr-6-1108x739.jpg","zF4ns88GmXrketvxZyKwRA==":"mbr-7-1108x739.jpg","Z8FKvEBpC8mVDlHEvsc0dA==":"mbr-8-1108x739.jpg","b4COV6TOKNdoJOf6vQ0Lew==":"mbr-1-1266x844.jpg","/2Ak+Qf15bvZNWNuLoB+IQ==":"mbr-34-1920x1280.jpg","7UJz5YKkdYEsxz1vnSWUNg==":"mbr-3-1920x1281.jpg","2wNaFCPUbKgB1A/sF08HPA==":"mbr-9-1108x739.jpg","o6G551ic42CK5nwQI6A3kw==":"mbr-1-1108x623.jpg","eyt2BKzDWB5ov+UEx+nKgg==":"mbr-10-1108x739.jpg","8SUCenjzUPP843jfHAPl2Q==":"mbr-1920x1188.jpg","UCcQVKRPDhPTNeLwM0bd4Q==":"mbr-1266x1266.jpg","CVDvYc2L0zvdgIRVAsnu2g==":"mbr-2-1920x1277.jpg","AFvEoWKpXcE0dkxnnRu2Rg==":"mbr-1920x1275.jpg","gKTfz9rh/Dt8oiuYUd3rkg==":"mbr-35-1920x1280.jpg","0T5IqXqwmOQYRo12dQ1ExA==":"mbr-1266x1786.png","tC2c/fSt2r3asOblxVfkhw==":"mbr-36-1920x1280.jpg","CBmmbYgclkJP9wp9sl4xcQ==":"mbr-1076x718.jpg","V1FXywvAOuWsH7eLq2K8TA==":"mbr-1266x1454.png","jJ3W7JmWM5UFPzEVVWjDww==":"mbr-37-1920x1280.jpg","s/uWAopng+zFdUgAMR0WdQ==":"mbr-1-1920x1152.jpg","pRHTVqy1ITtv+cIrK0U9Fw==":"mbr-1266x844.png","jvh+gGPZ3ksIDLIDGY7IPg==":"mbr-1266x919.png","UH6+JfjOmH5Z3FvGSOJUbg==":"mbr-38-1920x1280.jpg","LgwLgE3jUE+aNFIm9hjueA==":"mbr-1266x1266.png","nLbhwfXj22nbUeImvtcs9g==":"mbr-1920x1153.jpg","ufIYVgmC7uWJbiezk3VGuw==":"mbr-1-1920x1440.jpg","Z14rFST04XsjZmkLSfC89w==":"mbr-39-1920x1280.jpg","mQMxt/ImM9PGgJs+cfHu+Q==":"mbr-1266x1572.png","u08Qbw7FOkZRBBEpSO2fJw==":"mbr-40-1920x1280.jpg","t1pL0H/ltlQU+1bOwPwppg==":"mbr-41-1920x1280.jpg","o+2NmvN13zxdfFJcxruUng==":"mbr-1266x1102.png","PrGyi/uWd0B4ZSVJOxWrYQ==":"mbr-42-1920x1280.jpg","2dMWPlAAFNV0i7laYLp0+A==":"mbr-1920x1272.jpg","FZUezerGCezz0LLd+aWn6A==":"mbr-960x1920.png","DW+xU67OYvfJ6y7PqpRVDA==":"mbr-1481x1481.png","caR0OFn0PWKoRp1es9iC1Q==":"mbr-2-1920x1440.jpg","iDcXafbgfz3Ud0ifvIrd2A==":"mbr-43-1920x1280.jpg","q2o0gg9QLRw2iwDvtROycg==":"mbr-1280x1920.jpg","yMRAjzkzU9CyqOTZ4nvJFQ==":"mbr-1920x1200.jpg","L11tw4kCNKpjs6CrYqtEQA==":"mbr-1481x987.png","Ko8IyDWk2dEJ1d4zQKDhag==":"mbr-44-1920x1280.jpg","ayNp4dLmS+XmxZ6TK7rStw==":"mbr-1920x1271.jpg","5u6gIybwWrOmNSLgvxQ1fA==":"mbr-1481x1078.png","MOUUIKEaDgzKsF+GQA58Cg==":"mbr-1-1920x1275.jpg","/evoLSuifwx7ChBU6JvoVQ==":"mbr-1481x741.png","4mnjQ7eBIWl0UMHSl19Ocg==":"mbr-1920x1214.jpg","Dc/Gt9DAzT9tkO6OL+IDTA==":"mbr-2-1920x1275.jpg","bRTACp48nFP9/5TcE3OtWw==":"mbr-2-1920x1080.jpg","WCqC5DiYU1j0RWO/he08Lg==":"mbr-3-1920x1080.jpg","I/OK21povva6H4ZYUomT0A==":"mbr-1481x1535.png","G79NAfJX8LRH6zmrOWXAUg==":"mbr-45-1920x1280.jpg","5XxMWdpEKTssb43Dr44vPg==":"mbr-46-1920x1280.jpg","MIWyf4Zcys2jso5mkMMhyQ==":"mbr-1481x1454.png","zUwygWVRXXOzJIbQSxKt+A==":"mbr-47-1920x1280.jpg","9KqEc1ShK2DeiP3PAT9kag==":"mbr-1481x1112.png","0r5eU6Ota+HyMu+vjur6Ew==":"mbr-48-1920x1280.jpg","0Yeddl3jr+HR61cxsGQ+AQ==":"mbr-1920x1352.jpg","h7xKoiby3qftzm6Dzvvbvg==":"mbr-1-1481x987.png","adXE+N7wDrRyU0AmBPeC/A==":"mbr-3-1920x1440.jpg","mHSXV3eH8MJBhi7DmajmXA==":"mbr-49-1920x1280.jpg","sgjtD3BXVjnSOrQBu0jzXQ==":"mbr-1481x1701.png","TULqQoJ0lfrV7PZYV8/cnA==":"mbr-50-1920x1280.jpg","aBpJN722rM54mKEHcNH7dw==":"mbr-1920x1285.jpg","v2iAJoLpAzmX0PhAngkjhg==":"mbr-1481x984.png","LIKblRRIB7YITqR5/bdx6Q==":"mbr-4-1920x1281.jpg","QMw8w2YbMi7BGfaRNTpeHQ==":"mbr-5-1920x1281.jpg","UO9E18V/mZAmgS7TxMgYWg==":"mbr-1481x987.jpg","z4YwkqGj+umncriueabs8g==":"mbr-51-1920x1280.jpg","NCT/o6yBXgjBM5XDT2W1XA==":"mbr-4-1920x1440.jpg","BtZvbePpqXMQsd/nPniIhw==":"mbr-1-1481x987.jpg","PzGRAbmt1ququO1LnNLqAg==":"mbr-1920x1002.jpg","LZHDRowFiSF3LyaMYOoU2w==":"mbr-52-1920x1280.jpg","KYt+toyjGSCy+hFDFV8wHQ==":"mbr-3-1920x1275.jpg","fmI/yKmGvVf7YnyEkSn3Xg==":"mbr-2-1481x987.jpg","uvs7Dtk1APrzarSilAH6bA==":"mbr-53-1920x1280.jpg","GyEET6zrfmjZaJkROD0h6A==":"mbr-54-1920x1280.jpg","dIrT6LMRujwP9S1pT2CONA==":"mbr-3-1481x987.jpg","ASQKGA3VMLwrJgnoXdqD9w==":"mbr-1920x1283.jpg","nQVMAUPepGGgxdWiMOjJvw==":"mbr-55-1920x1280.jpg","9gwgNBUOO1Q/44FXA3Ku2g==":"mbr-1920x1135.jpg","6ZAD5cTR/4hlyusl/qW0uw==":"mbr-4-1920x1080.jpg","cS+OITShIb3DItFdQhdgRw==":"mbr-4-1481x987.jpg","q6GJmDL/1EAfdx2PfN09LA==":"mbr-1920x1279.jpg","H9HWGSIfxpPC6P45DkwIrg==":"mbr-1481x1191.png","GgJO5bbZ/EgKGuQ00mPKYA==":"mbr-6-1920x1281.jpg","XM9umIcCeqfZEJZY3MgEbg==":"mbr-5-1481x987.jpg","AXqKRvWazH42sAjS4XDFYg==":"mbr-7-1920x1281.jpg","Yy/jnt3Z2rogccFZTi+jWw==":"mbr-1-1920x1271.jpg","fhCBbUn9j61eDFlL721aBw==":"mbr-6-1481x987.jpg","2hBuARgSPG9bnlV9nH/CFA==":"mbr-56-1920x1280.jpg","SSEg0Dk+ME7ATbQZxQ53pw==":"mbr-1-1920x1285.jpg","PbuyqUO2+TcjFQkn1lB0tg==":"mbr-1481x1001.png","a75AJjk9h3il02XT5fKTqw==":"mbr-2-1920x1271.jpg","bQ+WaLPcIKQlo+r4fD+RrQ==":"mbr-1920x1237.jpg","0l9cTfh9RGxZwtj/UyK2+g==":"mbr-1920x1304.jpg","zRfXlZeHPq5t/fMnfUMqCw==":"mbr-7-1481x987.jpg","k3zWku1tkeH3LxNtfcpTcQ==":"mbr-57-1920x1280.jpg","BLBedzF2sp7Vai3BdEuYjA==":"mbr-8-1481x987.jpg","dg+r6JyEJBMQosfZZoFvIA==":"mbr-58-1920x1280.jpg","6/npPKDsDOl5vhDLZNgktA==":"mbr-59-1920x1280.jpg","v8BvW7sR3adpD5oQf+65vw==":"mbr-1481x988.jpg","btgbrtkHoL5W0DW/x6NgUg==":"mbr-60-1920x1280.jpg","VQVqDg0c0jgBUUV2ePq28w==":"mbr-9-1481x987.jpg","svQNyia6TGb7Maogy80p7w==":"mbr-1920x919.jpg","MKioIs1s8lrEuSqPrnw8Gg==":"mbr-8-1920x1281.jpg","6ih0S6SYvAi2hZL2mg8qIQ==":"mbr-10-1481x987.jpg","Xqfj9Zn+M61k2UU05XpkZw==":"mbr-3-1920x1271.jpg","Ee1wRwHrYP7ExJR4c+pDwg==":"mbr-9-1920x1281.jpg","a0jCO9O03GSz/SQ+qTIDJw==":"mbr-1481x994.jpg","sTvIDhb7tPrbpITk6E47Eg==":"mbr-61-1920x1280.jpg","u7fWfFJbFCfFJq5rNmaZwQ==":"mbr-62-1920x1280.jpg","LOu1CEnZyVuVt+E5lfu6sw==":"mbr-1481x983.jpg","hapeFslfIQxy0p09C/VBgA==":"mbr-1920x967.jpg","M/+0/IRG+MTHUnMscqssmA==":"mbr-1-1920x1272.jpg","P59bpSqCmLJuQane19n0pQ==":"mbr-11-1481x987.jpg","CN6BQ9fvBAKL5oc22O9/Ow==":"mbr-5-1920x1080.jpg","bv7/2Rn4NWeCF8LMD/SgJg==":"mbr-12-1481x987.jpg","rejHDscea1z9yrKBdzuvQg==":"mbr-1-1920x1279.jpg","rb6AdBmmt/xR5LXV+Qj6Qg==":"mbr-63-1920x1280.jpg","m51fT8oXnB+DAuZrqhESuQ==":"mbr-64-1920x1280.jpg","QyZSkFqUvnLUQxY9/WlENA==":"mbr-13-1481x987.jpg","qQOZQunbuKTl6kBl/bURXA==":"mbr-2-1920x1279.jpg","Yq2rVk1fNFP8QwNOpv2R2A==":"mbr-65-1920x1280.jpg","ISLDnQ1b+ntty2x3NUyurQ==":"mbr-1481x981.jpg","tJYIgKPRxIspoKdhGrwMZQ==":"mbr-66-1920x1280.jpg","iTIp0bea9v2ZNo7A2xOEtQ==":"mbr-67-1920x1280.jpg","oBuVBFWlhlMszyGiL4w2MQ==":"mbr-14-1481x987.jpg","rwc4fqKJOhyFNzsDRkxovA==":"mbr-1920x1079.jpg","rhZTgWgc31uFK1dHeNr7lA==":"mbr-68-1920x1280.jpg","vnVeTCKIN5PwjbIsgLhS6w==":"mbr-15-1481x987.jpg","zwKzoslijZvLMF8HdxBFUg==":"mbr-69-1920x1280.jpg","p8GNLi4jUy6RxF/1M9wWqA==":"mbr-70-1920x1280.jpg","NsTzvmaSYTDkcz0kZYoNDQ==":"mbr-1561x1033.jpg","z+xraGTkuLa3qj2SULWH5Q==":"mbr-4-1920x1275.jpg","7KU9PkGT8KeHMjYeHWuFyQ==":"mbr-1-1920x1135.jpg","eekT8wqSYurGNPYxGlhhNA==":"mbr-1561x1041.jpg","SuuHj2WegI/i7QopX5XRow==":"mbr-71-1920x1280.jpg","xa+9Iic5zW1evwVAKoPgGg==":"mbr-1561x1136.jpg","KNCSQqiiJRRiEr22N1qGhQ==":"mbr-1920x1141.jpg","sDvMdZW589z+RDeF1fBSqw==":"mbr-1-1561x1033.jpg","KZGVOj2+ucI/sawGzDON4Q==":"mbr-72-1920x1280.jpg","FaMrYyk247rTUkbJaPisSQ==":"mbr-10-1920x1281.jpg","JW1TaW5MDvBY1U+a5BfatQ==":"mbr-1-1561x1041.jpg","1UcIGl+C6pIhTrOpG3U0Dw==":"mbr-1920x1185.jpg","mwsmBsScu0JCovUtzMlJow==":"mbr-73-1920x1280.jpg","WwBvdyHRjku5vbEvjh9EQg==":"mbr-1561x1038.jpg","AP02kiNV75QkZEsj4glupg==":"mbr-5-1920x1275.jpg","BUMJsBl6DeTcg4hzwJnCFA==":"mbr-1561x1040.jpg","3ImYA4WV40xbyykSMw5Y9Q==":"mbr-74-1920x1280.jpg","8ccZrqxNCrSx311IPBtaVQ==":"mbr-1920x721.jpg","Lwc3ApdNdOA/kCkbB7t12w==":"mbr-2-1561x1041.jpg","BCmZNCoEqnjmfc1eP2b8Hg==":"mbr-75-1920x1280.jpg","YHLxOWt1zHCXQhEWTF61Dg==":"mbr-3-1920x1279.jpg","nbLq71OKfq4T+I9QhuzJwg==":"mbr-1561x1088.jpg","hT9lbW1XgQBmBMByL0Z0qg==":"mbr-76-1920x1280.jpg","aJAtPdWAN5ZZZWtHq8wc9w==":"mbr-2-1561x1033.jpg","sZRlU+wpHrbDYDuWSJnXCg==":"mbr-77-1920x1280.jpg","57BCm+YBoMq2tgAHokx1Dw==":"mbr-1920x1281.jpg","mfdFflvR7tUiooCXSG1zaw==":"mbr-1295x867.jpg","yat7k87MlUDXk1bJyRRTLw==":"mbr-1920x1280.jpg","UT2geDbFIiBADEro07QEHg==":"mbr-1-1920x1280.jpg","IEUbPDi8lpl4yJRHJFhlIQ==":"mbr-1295x863.jpg","r1n0yDSmLZ2AlxC7jPqNvw==":"mbr-1920x1371.jpg","AAnxBc36ZUgWPAq95G8yDQ==":"mbr-1920x1275.jpg","OGfCbBF4r75BGMx1D0qC6w==":"mbr-1-1920x1275.jpg","05rjW3ll+MiceCsvJa/AHQ==":"mbr-2-1920x1280.jpg","tTxx/2tAO2ju6cFnzd15QA==":"mbr-1374x916.jpg","4GQofpy76eX6zkHmHz8v7w==":"mbr-1-1920x1281.jpg","3FXRho3MuQse65qi7nl6HA==":"mbr-3-1920x1280.jpg","HESPnVhw5jUhWL9qE+smxg==":"mbr-4-1920x1280.jpg","IvI+81NXBGMbKveTWgadhA==":"mbr-1-1374x916.jpg","kV04joUOkb02wWUGZIcN9Q==":"mbr-1920x1440.jpg","al4WOLvszymPE16muDCIfw==":"mbr-1374x914.jpg","gEYjVVf45OxxPiKxPDKulA==":"mbr-5-1920x1280.jpg","8ncUa8spzpcdlXuQ08JtYg==":"mbr-6-1920x1280.jpg","NsZDrmhoW3cNOsQQS9wn6A==":"mbr-1374x765.jpg","6hbCt1pSNKODcqD/33E3RA==":"mbr-1920x1282.jpg","9nVbzkQFzvPAl+EP/qspbg==":"mbr-1374x933.jpg","WseJL6twZI8BcFqI/ZF+WA==":"mbr-2-1374x916.jpg","O04U0nCbPn1OWG5vMFjGhw==":"mbr-7-1920x1280.jpg","nxr+qp52miOem1jqD+ytOw==":"mbr-8-1920x1280.jpg","X9zqACw6xTMEAjPaowoAag==":"mbr-3-1374x916.jpg","HouAIYhhveDedtA2BNR21w==":"mbr-9-1920x1280.jpg","W8YuYL/ZWSYj1G59wzb+KA==":"mbr-1374x990.png","Qwwhq2kLQJKKOTIChmyU9Q==":"mbr-10-1920x1280.jpg","RxKIYUxgESAL26fHgSyXbQ==":"mbr-2-1920x1281.jpg","20oraKEa9eplH31A7plqDg==":"mbr-1374x1049.png","sVyk0DMtNfP9Ke4pXOXIDA==":"mbr-3-1920x1281.jpg","aIZeH361yRrukQ/E2plhew==":"mbr-11-1920x1280.jpg","GctsZ41Wg9kvKat8jm+yHQ==":"mbr-1374x850.jpg","N5YL7vWrWATYaJUg2iLIdQ==":"mbr-12-1920x1280.jpg","s1x04yex9fXQGHcCLPa/BA==":"mbr-1920x1200.jpg","Ep1g1eVA0WY+YpjPF4w1Bw==":"mbr-4-1374x916.jpg","JMbiqsD4iCHyhgBO/Ch+OQ==":"mbr-2-1920x1275.jpg","f3LF+WrcYrMH3v3mOIvlJw==":"mbr-14-1920x1280.jpg","AoobLzoBHOK2Lu5OMebm7w==":"mbr-1374x915.jpg","1Qufg8sdhsh3ITocMwuOLQ==":"mbr-15-1920x1280.jpg","ROjiXLEQxVtOIWNJatb8Gg==":"mbr-5-1374x916.jpg","FJKvZ65AqEsbKkMKmON4AQ==":"mbr-16-1920x1280.jpg","rPxtlSrNRsLXp5CbOmwiQg==":"mbr-17-1920x1280.jpg","Zt9HXHzLJIzdMcQF+gfdrw==":"mbr-6-1374x916.jpg","L1fS+p0lkoY/99JlCWmeIw==":"mbr-19-1920x1280.jpg","G15O+V0BRUnt6ZoRfeTF2Q==":"mbr-7-1374x916.jpg","zXtzqwlJxGdc1meOcyqZHw==":"mbr-20-1920x1280.jpg","V0+NWInR6Jdb3afw5PjhUg==":"mbr-21-1920x1280.jpg","dQ3JJIGsb5c1dIVmvS8ZHA==":"mbr-8-1374x916.jpg","qXNTe6dVnaw8kj+xZCee5w==":"mbr-1920x1080.jpg","BgCRmzHtRbWBW3W4RHtH4A==":"mbr-1920x1047.png","gaTAyXdWhE4hZWdFCDHSvw==":"mbr-9-1374x916.jpg","oWcyDYpurISdCxN8wAV1MQ==":"mbr-22-1920x1280.jpg","nuUCRF868e9+I17Ijre4TQ==":"mbr-1374x912.jpg","5x5Db8C5GJNVxAhaM+2t2Q==":"mbr-23-1920x1280.jpg","04c7mfsbs5dKEXXtXUapUw==":"mbr-10-1374x916.jpg","DZZbPoFkB3BhVURi+48yMg==":"mbr-24-1920x1280.jpg","P38dJ4Q0eGRWNWWjsvLHEA==":"mbr-11-1374x916.jpg","bsCvqayP6KkVxkAL+NpmoQ==":"mbr-25-1920x1280.jpg","NLU6Hwn83Ok9+mcwC65Jaw==":"mbr-26-1920x1280.jpg","7c7UWRQpRisxIbDrgqG0lw==":"mbr-27-1920x1280.jpg","LaIvz93muNJb+vzzaRPlmQ==":"mbr-1374x970.jpg","mVLgEaZQQgxMK2phE4/xbg==":"mbr-28-1920x1280.jpg","VWF3Mb2n5vL1YwAlgRRP8A==":"mbr-1920x1246.jpg","QtioxuR4j6k1lJxWHAHi4Q==":"mbr-1374x917.jpg","01h/p4moe5rP2EXUmwuD5Q==":"mbr-29-1920x1280.jpg","BWJrIi6u6cn8PFHrvHxwKA==":"mbr-12-1374x916.jpg","5FTm+qOb7BKGSv/PSzvOfw==":"mbr-1920x1276.jpg","AeLwzA9LUIEmPPUBFwdP5w==":"mbr-30-1920x1280.jpg","6PZ8VosYCdllkrkHsA/QTQ==":"mbr-13-1374x916.jpg","UjdGhBjmU1TOkPsXAgb4Qw==":"mbr-1-1374x912.jpg","OX2pCqTYcnKqhtADEZn2Tw==":"mbr-31-1920x1280.jpg","9PqyACM9FfcrDB2BTagmKw==":"mbr-32-1920x1280.jpg","MTBHFijOCYgCrKi5WwVmQA==":"mbr-14-1374x916.jpg","oh5AbLgkAx9lxF2ps6RyEg==":"mbr-33-1920x1280.jpg","wP9rmrZalBYicgd/FKtdsg==":"mbr-1-1374x915.jpg","TXAcaEGxdF7CzErPuXRNNA==":"mbr-34-1920x1280.jpg","zoQDjA7nEC5Yvcy21B7yvA==":"mbr-35-1920x1280.jpg","dXPndzj5TBNp2xKQ1H+BDA==":"mbr-1374x1307.png","rWg4eC2ZTdPQfTkgtZclwg==":"mbr-36-1920x1280.jpg","Iq6C3P4y9aBODP+0BlGn/A==":"mbr-37-1920x1280.jpg","jvQ/ngff1jE8B3MY/jXY2g==":"mbr-1374x913.jpg","Z3VqjA8+V43ypoomNSvYhQ==":"mbr-38-1920x1280.jpg","Aam82jxJVYz1tBw+pEXFRQ==":"mbr-39-1920x1280.jpg","YSWN5z5GsxpGREsckshsog==":"mbr-15-1374x916.jpg","OfDaDmcxbZFl3g7T42wduA==":"mbr-16-1374x916.jpg","0ja+TejQPSLaoMmS6bztBA==":"mbr-41-1920x1280.jpg","65Y+jwwJAGNXH9GCxNmdmA==":"mbr-1-1920x1080.jpg","kFxpAnARm0dohpWawNFZmA==":"mbr-4-1920x1281.jpg","pAC5x1r6sUJrVTovnfqQ4A==":"mbr-1-1374x850.jpg","DCBj0APjHA0E2Tl1kkG7sw==":"mbr-1920x1279.jpg","C1soSPo2ooKbNuuCQk4oQg==":"mbr-17-1374x916.jpg","VZFS+dNmOBY0YXbcu8IkmQ==":"mbr-42-1920x1280.jpg","yXhlgoqzb6vPDMxLuLYeRQ==":"mbr-43-1920x1280.jpg","lQ9Q0u7VycNJ9oryLMOCTw==":"mbr-5-1920x1281.jpg","jJ648NA1GcP3HV7t07Jfkw==":"mbr-18-1374x916.jpg","Bri80v8vccCze8QkusA7cA==":"mbr-1920x1304.jpg","jHxXaTcyCYCT+jxj7AfNrw==":"mbr-44-1920x1280.jpg","wIeaEwW8WMTrX8OxLPuzXw==":"mbr-19-1374x916.jpg","6xbwzQq7/o2Lo6m5RpvHYg==":"mbr-1920x1069.jpg","fX5tALUkAzA40Ep1175azw==":"mbr-1374x773.jpg","nOJwX/NmXvT1bHc1lq/+2g==":"mbr-20-1374x916.jpg","qrrXUQsfsYIgY6g3c0fO3g==":"mbr-45-1920x1280.jpg","eBiPd0EWaAFXOL9gm9OHQg==":"mbr-1920x1080.png","ZPVFG0ycD92L71Jg7+eLJg==":"mbr-21-1374x916.jpg","w1x3tx4iTxCHIaKWUjNDLQ==":"mbr-1920x1188.jpg","/HDvP/pM1D/SSfnsd5HviA==":"mbr-1920x1355.jpg","qXFEDn1uFt20lCLNz9KQkg==":"mbr-1-1920x1276.jpg","ofVE+wXvyOzguYA64Y5OSw==":"mbr-1374x892.jpg","iMV8D8twLctH9evKjjK8Yg==":"mbr-46-1920x1280.jpg","7t75VU8y2L8zgXIR21iYpw==":"mbr-22-1374x916.jpg","dvmtyo4KDdef2cf2dJNyAw==":"mbr-23-1374x916.jpg","EUlHW7Nre3QR2ij/7Fsn7Q==":"mbr-2-1920x1279.jpg","bML+wG/5V3gxBzG6+pudXw==":"mbr-47-1920x1280.jpg","B0MYABRXF5oYmWqor9MlKg==":"mbr-48-1920x1280.jpg","XjItEXa/D+sWdaCQeT9DuA==":"mbr-24-1374x916.jpg","Aw2LUTaw9wKvcWZKguWGjw==":"mbr-2-1374x912.jpg","wbdrSU/lOF2DF0OCBHaA2Q==":"mbr-25-1374x916.jpg","5JB/ARQq24cn/8rENn2bYA==":"mbr-1920x1078.jpg","cI3ulxU3TgA2g2pm2wrjEQ==":"mbr-26-1374x916.jpg","bEe6TT0pJZVQjlwt3jdddQ==":"mbr-27-1374x916.jpg","ZOPozG9nQRJbphv4cj9udA==":"mbr-3-1920x1275.jpg","/6KW4g7/FdXBlwzRe1rNTQ==":"mbr-1-1920x1304.jpg","nZBRPWqF83mDG0pQ7Y8rvw==":"mbr-2-1920x1276.jpg","r+plAzZrp9Uekc6j9CRGgw==":"mbr-28-1374x916.jpg","Z/RCxvKS8melIo2DAql7LQ==":"mbr-49-1920x1280.jpg","uEvcn0R1ejZDSh9RqDTiaA==":"mbr-3-1374x912.jpg","0ioBH0UW2B3sHhJDNSyJpw==":"mbr-1-1920x1440.jpg","Vp2g4KJQIG3IclZ3mzHQVw==":"mbr-1374x971.jpg","6zxMAovH4XRrrxBUGmq7Lw==":"mbr-1374x749.png","W2UzVyCyNthytRDUXUe6qQ==":"mbr-29-1374x916.jpg","Sif7uiUxScUJXJWt+xx7Lw==":"mbr-1374x915.jpg","v1Job6fwQqRs0UY7wMXFdg==":"mbr-1374x773.jpg","cNS0z34ZshqO8rtvLMJIsQ==":"mbr-1920x1357.jpg"}