{"O9vH5ISxPDopYnRXL08uFA==":"mbr-1920x1282.jpg","mBENMRB/rkc8J+hO78npwg==":"mbr-1920x1228.jpg","nu/HNJUgs0MpprzdBDcNIQ==":"mbr-1920x1280.jpg","yOCx0bLW7vkP/xgKs8MuEw==":"mbr-1920x1281.jpg","ntOVbEJO13LacuSw+frDow==":"mbr-1920x1357.jpg","MLW89h7IleDe8KrgSRokhg==":"mbr-1-1920x1280.jpg","ovwdCnOPHYPZUEW6q7ZrDw==":"mbr-1-1920x1281.jpg","IGRRRtAKrI41+AYDqEIz3A==":"mbr-2-1920x1280.jpg","Sws8jpOBm9xQycWvAYBDdQ==":"mbr-1920x1277.jpg","qp7IEnWC0UlMYmvyOI5pyg==":"mbr-3-1920x1280.jpg","UJUu5OKr21BYXa0FoWbqQA==":"mbr-4-1920x1280.jpg","/6EZDXZ74sahlrQ/YJEWog==":"mbr-5-1920x1280.jpg","FLbtDO+32z2tJF2MIY8GTQ==":"mbr-6-1920x1280.jpg","eA8RGIUDkKZbwXbyBRh6gA==":"mbr-1920x1152.jpg","1xsunrDYDJRkY1BrRPO3og==":"mbr-1-1920x1357.jpg","EJDcLd3c/2WSAmhY3CYbQA==":"mbr-7-1920x1280.jpg","3z8W2wMyHUmulBSi9lBolg==":"mbr-8-1920x1280.jpg","Qn6HEXnAymjnkeTrKFC+fA==":"mbr-1920x1920.jpg","ls+LlfMKJZzWZwahg0Kfug==":"mbr-9-1920x1280.jpg","6/ZYlFkKVC0jpM/WwscpyA==":"mbr-10-1920x1280.jpg","X3wge5wZYkPSJEq0pXGmGA==":"mbr-11-1920x1280.jpg","N618tiOykp4RUxFq3sIlAw==":"mbr-2-1920x1357.jpg","7pujgdDOHgOGsQs+J4atCg==":"mbr-12-1920x1280.jpg","c5CBTULY2ejc3cVdb4zekQ==":"mbr-13-1920x1280.jpg","cZjxECmU836/pZGGH70XYQ==":"mbr-1920x1080.jpg","zuLCgGDX2IuvO1v4d825iQ==":"mbr-14-1920x1280.jpg","teTuqAdRlCpXgR5wJCUx0Q==":"mbr-1-1920x1080.jpg","boxzrk32xG8aM7XFxSKWSg==":"mbr-15-1920x1280.jpg","YzHBuxKWkWMxeQi61eK5Dg==":"mbr-16-1920x1280.jpg","lHScb5Ic4r5oYJoKz1jiTw==":"mbr-17-1920x1280.jpg","R7WDkMC2KkcnilFgRhfrBQ==":"mbr-18-1920x1280.jpg","CntAEsZpjSodnc/4TWMaYw==":"mbr-1920x1440.jpg","9qOhOXgjMxc3sqPWpzNbgA==":"mbr-2-1920x1281.jpg","YqnvuWpkTMcQpQ9gVWwMhw==":"mbr-1920x1232.jpg","EtYiAfEDMU7YXuRAfP1BqQ==":"mbr-1920x1248.jpg","5Zm3fBPpESWcvCHSHoWYZw==":"mbr-19-1920x1280.jpg","xWauykog9rpVr/TgsF+MVA==":"mbr-20-1920x1280.jpg","jAaPxAnneNKgDBSqmaHF/A==":"mbr-21-1920x1280.jpg","KE2zS/QatSyI6335fm9kEg==":"mbr-22-1920x1280.jpg","i7abUcDqUTFb+EYmmDnXFg==":"mbr-23-1920x1280.jpg","g2Tazjuol79Ah5OPt/3JKw==":"mbr-24-1920x1280.jpg","jhubGjZAsuTryKj+fr1KjA==":"mbr-25-1920x1280.jpg","carnKSKLAHd4xXwW8qBHFw==":"mbr-1920x1491.jpg","rhyGayAmYDfTQLIf31hXXA==":"mbr-26-1920x1280.jpg","4umhb9KlkQXfKkak00FX1A==":"mbr-27-1920x1280.jpg","1LtCi8/ZiViFN04zD2BgWg==":"mbr-3-1920x1357.jpg","JinI89QfPfF+fKmKbGzoog==":"mbr-28-1920x1280.jpg","JUANQWRUjTb7735maFOKJw==":"mbr-29-1920x1280.jpg","AaqcegF49Pg1RRpxMjrUfg==":"mbr-1108x739.jpg","uTMlsaIXMjZOujZJvpE8rg==":"mbr-1-1108x739.jpg","1G5VMf88X4RhjM684+Fb3w==":"mbr-2-1108x739.jpg","huDMlU9o6LQ17phas24FbA==":"mbr-1108x738.jpg","/VdEOv93UXebJfg6gxd+Xg==":"mbr-1266x844.jpg","gTAj7F2ckLYTWc2gi4yjWw==":"mbr-1-1920x1277.jpg","bywSnrL8vJoiHT0i7zMQ8A==":"mbr-30-1920x1280.jpg","WKF0h8M78lofQAadljokjg==":"mbr-1108x772.jpg","g5QlisddlxZ95w09auHJsw==":"mbr-1108x736.jpg","4cbq+8nDUP5H0sEbgN7gOA==":"mbr-3-1108x739.jpg","me/Pn+lqlege5btxv3DdXA==":"mbr-4-1108x739.jpg","njNfxyS1fX8y13lrNV+m5A==":"mbr-1266x1204.png","v02mnb1psSjGzAUelWGZlw==":"mbr-1920x1288.jpg","jFC3u1s3W/ybgYCSqb+zZQ==":"mbr-5-1108x739.jpg","ZKyGsfnRBVkD+Exh+xkBhA==":"mbr-1108x627.jpg","o0HoLknRVC8CBuaO8QfoJQ==":"mbr-1108x623.jpg","3ijJvGHNcA7iLeDm+XFX+A==":"mbr-1108x596.jpg","0n3ApoCe18pSeNMRnLgoJg==":"mbr-1266x762.jpg","eQmUpz1zboANV6hwvQh1Ng==":"mbr-31-1920x1280.jpg","s5D8z7Mb0QdJg33M3bc6qg==":"mbr-32-1920x1280.jpg","5/7pTgpOL++99LJcgEmNoQ==":"mbr-33-1920x1280.jpg","99Kxx+/mKNfy/BqDAvHr2w==":"mbr-1266x791.jpg","911X7bM4yT2Mobv6BsMc+g==":"background8.jpg","1rE5/Ug9udDVsDKd7TlRqg==":"mbr-1108x608.png","YbV6Vw8cq/Z6XpK4YZPGVw==":"mbr-6-1108x739.jpg","zF4ns88GmXrketvxZyKwRA==":"mbr-7-1108x739.jpg","Z8FKvEBpC8mVDlHEvsc0dA==":"mbr-8-1108x739.jpg","b4COV6TOKNdoJOf6vQ0Lew==":"mbr-1-1266x844.jpg","/2Ak+Qf15bvZNWNuLoB+IQ==":"mbr-34-1920x1280.jpg","7UJz5YKkdYEsxz1vnSWUNg==":"mbr-3-1920x1281.jpg","2wNaFCPUbKgB1A/sF08HPA==":"mbr-9-1108x739.jpg","o6G551ic42CK5nwQI6A3kw==":"mbr-1-1108x623.jpg","eyt2BKzDWB5ov+UEx+nKgg==":"mbr-10-1108x739.jpg","8SUCenjzUPP843jfHAPl2Q==":"mbr-1920x1188.jpg","UCcQVKRPDhPTNeLwM0bd4Q==":"mbr-1266x1266.jpg","CVDvYc2L0zvdgIRVAsnu2g==":"mbr-2-1920x1277.jpg","AFvEoWKpXcE0dkxnnRu2Rg==":"mbr-1920x1275.jpg","gKTfz9rh/Dt8oiuYUd3rkg==":"mbr-35-1920x1280.jpg","0T5IqXqwmOQYRo12dQ1ExA==":"mbr-1266x1786.png","tC2c/fSt2r3asOblxVfkhw==":"mbr-36-1920x1280.jpg","CBmmbYgclkJP9wp9sl4xcQ==":"mbr-1076x718.jpg","V1FXywvAOuWsH7eLq2K8TA==":"mbr-1266x1454.png","jJ3W7JmWM5UFPzEVVWjDww==":"mbr-37-1920x1280.jpg","s/uWAopng+zFdUgAMR0WdQ==":"mbr-1-1920x1152.jpg","pRHTVqy1ITtv+cIrK0U9Fw==":"mbr-1266x844.png","jvh+gGPZ3ksIDLIDGY7IPg==":"mbr-1266x919.png","UH6+JfjOmH5Z3FvGSOJUbg==":"mbr-38-1920x1280.jpg","LgwLgE3jUE+aNFIm9hjueA==":"mbr-1266x1266.png","nLbhwfXj22nbUeImvtcs9g==":"mbr-1920x1153.jpg","ufIYVgmC7uWJbiezk3VGuw==":"mbr-1-1920x1440.jpg","Z14rFST04XsjZmkLSfC89w==":"mbr-39-1920x1280.jpg","mQMxt/ImM9PGgJs+cfHu+Q==":"mbr-1266x1572.png","u08Qbw7FOkZRBBEpSO2fJw==":"mbr-40-1920x1280.jpg","t1pL0H/ltlQU+1bOwPwppg==":"mbr-41-1920x1280.jpg","o+2NmvN13zxdfFJcxruUng==":"mbr-1266x1102.png","PrGyi/uWd0B4ZSVJOxWrYQ==":"mbr-42-1920x1280.jpg","2dMWPlAAFNV0i7laYLp0+A==":"mbr-1920x1272.jpg","FZUezerGCezz0LLd+aWn6A==":"mbr-960x1920.png","DW+xU67OYvfJ6y7PqpRVDA==":"mbr-1481x1481.png","caR0OFn0PWKoRp1es9iC1Q==":"mbr-2-1920x1440.jpg","iDcXafbgfz3Ud0ifvIrd2A==":"mbr-43-1920x1280.jpg","q2o0gg9QLRw2iwDvtROycg==":"mbr-1280x1920.jpg","yMRAjzkzU9CyqOTZ4nvJFQ==":"mbr-1920x1200.jpg","L11tw4kCNKpjs6CrYqtEQA==":"mbr-1481x987.png","Ko8IyDWk2dEJ1d4zQKDhag==":"mbr-44-1920x1280.jpg","ayNp4dLmS+XmxZ6TK7rStw==":"mbr-1920x1271.jpg","5u6gIybwWrOmNSLgvxQ1fA==":"mbr-1481x1078.png","MOUUIKEaDgzKsF+GQA58Cg==":"mbr-1-1920x1275.jpg","/evoLSuifwx7ChBU6JvoVQ==":"mbr-1481x741.png","4mnjQ7eBIWl0UMHSl19Ocg==":"mbr-1920x1214.jpg","Dc/Gt9DAzT9tkO6OL+IDTA==":"mbr-2-1920x1275.jpg","bRTACp48nFP9/5TcE3OtWw==":"mbr-2-1920x1080.jpg","WCqC5DiYU1j0RWO/he08Lg==":"mbr-3-1920x1080.jpg","I/OK21povva6H4ZYUomT0A==":"mbr-1481x1535.png","G79NAfJX8LRH6zmrOWXAUg==":"mbr-45-1920x1280.jpg","5XxMWdpEKTssb43Dr44vPg==":"mbr-46-1920x1280.jpg","MIWyf4Zcys2jso5mkMMhyQ==":"mbr-1481x1454.png","zUwygWVRXXOzJIbQSxKt+A==":"mbr-47-1920x1280.jpg","9KqEc1ShK2DeiP3PAT9kag==":"mbr-1481x1112.png","0r5eU6Ota+HyMu+vjur6Ew==":"mbr-48-1920x1280.jpg","0Yeddl3jr+HR61cxsGQ+AQ==":"mbr-1920x1352.jpg","h7xKoiby3qftzm6Dzvvbvg==":"mbr-1-1481x987.png","adXE+N7wDrRyU0AmBPeC/A==":"mbr-3-1920x1440.jpg","mHSXV3eH8MJBhi7DmajmXA==":"mbr-49-1920x1280.jpg","sgjtD3BXVjnSOrQBu0jzXQ==":"mbr-1481x1701.png","TULqQoJ0lfrV7PZYV8/cnA==":"mbr-50-1920x1280.jpg","aBpJN722rM54mKEHcNH7dw==":"mbr-1920x1285.jpg","v2iAJoLpAzmX0PhAngkjhg==":"mbr-1481x984.png","LIKblRRIB7YITqR5/bdx6Q==":"mbr-4-1920x1281.jpg","QMw8w2YbMi7BGfaRNTpeHQ==":"mbr-5-1920x1281.jpg","UO9E18V/mZAmgS7TxMgYWg==":"mbr-1481x987.jpg","z4YwkqGj+umncriueabs8g==":"mbr-51-1920x1280.jpg","NCT/o6yBXgjBM5XDT2W1XA==":"mbr-4-1920x1440.jpg","BtZvbePpqXMQsd/nPniIhw==":"mbr-1-1481x987.jpg","PzGRAbmt1ququO1LnNLqAg==":"mbr-1920x1002.jpg","LZHDRowFiSF3LyaMYOoU2w==":"mbr-52-1920x1280.jpg","KYt+toyjGSCy+hFDFV8wHQ==":"mbr-3-1920x1275.jpg","fmI/yKmGvVf7YnyEkSn3Xg==":"mbr-2-1481x987.jpg","uvs7Dtk1APrzarSilAH6bA==":"mbr-53-1920x1280.jpg","GyEET6zrfmjZaJkROD0h6A==":"mbr-54-1920x1280.jpg","dIrT6LMRujwP9S1pT2CONA==":"mbr-3-1481x987.jpg","ASQKGA3VMLwrJgnoXdqD9w==":"mbr-1920x1283.jpg","nQVMAUPepGGgxdWiMOjJvw==":"mbr-55-1920x1280.jpg","9gwgNBUOO1Q/44FXA3Ku2g==":"mbr-1920x1135.jpg","6ZAD5cTR/4hlyusl/qW0uw==":"mbr-4-1920x1080.jpg","cS+OITShIb3DItFdQhdgRw==":"mbr-4-1481x987.jpg","q6GJmDL/1EAfdx2PfN09LA==":"mbr-1920x1279.jpg","H9HWGSIfxpPC6P45DkwIrg==":"mbr-1481x1191.png","GgJO5bbZ/EgKGuQ00mPKYA==":"mbr-6-1920x1281.jpg","XM9umIcCeqfZEJZY3MgEbg==":"mbr-5-1481x987.jpg","AXqKRvWazH42sAjS4XDFYg==":"mbr-7-1920x1281.jpg","Yy/jnt3Z2rogccFZTi+jWw==":"mbr-1-1920x1271.jpg","fhCBbUn9j61eDFlL721aBw==":"mbr-6-1481x987.jpg","2hBuARgSPG9bnlV9nH/CFA==":"mbr-56-1920x1280.jpg","SSEg0Dk+ME7ATbQZxQ53pw==":"mbr-1-1920x1285.jpg","PbuyqUO2+TcjFQkn1lB0tg==":"mbr-1481x1001.png","a75AJjk9h3il02XT5fKTqw==":"mbr-2-1920x1271.jpg","bQ+WaLPcIKQlo+r4fD+RrQ==":"mbr-1920x1237.jpg","0l9cTfh9RGxZwtj/UyK2+g==":"mbr-1920x1304.jpg","zRfXlZeHPq5t/fMnfUMqCw==":"mbr-7-1481x987.jpg","k3zWku1tkeH3LxNtfcpTcQ==":"mbr-57-1920x1280.jpg","BLBedzF2sp7Vai3BdEuYjA==":"mbr-8-1481x987.jpg","dg+r6JyEJBMQosfZZoFvIA==":"mbr-58-1920x1280.jpg","6/npPKDsDOl5vhDLZNgktA==":"mbr-59-1920x1280.jpg","v8BvW7sR3adpD5oQf+65vw==":"mbr-1481x988.jpg","btgbrtkHoL5W0DW/x6NgUg==":"mbr-60-1920x1280.jpg","VQVqDg0c0jgBUUV2ePq28w==":"mbr-9-1481x987.jpg","svQNyia6TGb7Maogy80p7w==":"mbr-1920x919.jpg","MKioIs1s8lrEuSqPrnw8Gg==":"mbr-8-1920x1281.jpg","6ih0S6SYvAi2hZL2mg8qIQ==":"mbr-10-1481x987.jpg","Xqfj9Zn+M61k2UU05XpkZw==":"mbr-3-1920x1271.jpg","Ee1wRwHrYP7ExJR4c+pDwg==":"mbr-9-1920x1281.jpg","a0jCO9O03GSz/SQ+qTIDJw==":"mbr-1481x994.jpg","sTvIDhb7tPrbpITk6E47Eg==":"mbr-61-1920x1280.jpg","u7fWfFJbFCfFJq5rNmaZwQ==":"mbr-62-1920x1280.jpg","LOu1CEnZyVuVt+E5lfu6sw==":"mbr-1481x983.jpg","hapeFslfIQxy0p09C/VBgA==":"mbr-1920x967.jpg","M/+0/IRG+MTHUnMscqssmA==":"mbr-1-1920x1272.jpg","P59bpSqCmLJuQane19n0pQ==":"mbr-11-1481x987.jpg","CN6BQ9fvBAKL5oc22O9/Ow==":"mbr-5-1920x1080.jpg","bv7/2Rn4NWeCF8LMD/SgJg==":"mbr-12-1481x987.jpg","rejHDscea1z9yrKBdzuvQg==":"mbr-1-1920x1279.jpg","rb6AdBmmt/xR5LXV+Qj6Qg==":"mbr-63-1920x1280.jpg","m51fT8oXnB+DAuZrqhESuQ==":"mbr-64-1920x1280.jpg","QyZSkFqUvnLUQxY9/WlENA==":"mbr-13-1481x987.jpg","qQOZQunbuKTl6kBl/bURXA==":"mbr-2-1920x1279.jpg","Yq2rVk1fNFP8QwNOpv2R2A==":"mbr-65-1920x1280.jpg","ISLDnQ1b+ntty2x3NUyurQ==":"mbr-1481x981.jpg","tJYIgKPRxIspoKdhGrwMZQ==":"mbr-66-1920x1280.jpg","iTIp0bea9v2ZNo7A2xOEtQ==":"mbr-67-1920x1280.jpg","oBuVBFWlhlMszyGiL4w2MQ==":"mbr-14-1481x987.jpg","rwc4fqKJOhyFNzsDRkxovA==":"mbr-1920x1079.jpg","rhZTgWgc31uFK1dHeNr7lA==":"mbr-68-1920x1280.jpg","vnVeTCKIN5PwjbIsgLhS6w==":"mbr-15-1481x987.jpg","zwKzoslijZvLMF8HdxBFUg==":"mbr-69-1920x1280.jpg","p8GNLi4jUy6RxF/1M9wWqA==":"mbr-70-1920x1280.jpg","NsTzvmaSYTDkcz0kZYoNDQ==":"mbr-1561x1033.jpg","z+xraGTkuLa3qj2SULWH5Q==":"mbr-4-1920x1275.jpg","7KU9PkGT8KeHMjYeHWuFyQ==":"mbr-1-1920x1135.jpg","eekT8wqSYurGNPYxGlhhNA==":"mbr-1561x1041.jpg","SuuHj2WegI/i7QopX5XRow==":"mbr-71-1920x1280.jpg","xa+9Iic5zW1evwVAKoPgGg==":"mbr-1561x1136.jpg","KNCSQqiiJRRiEr22N1qGhQ==":"mbr-1920x1141.jpg","sDvMdZW589z+RDeF1fBSqw==":"mbr-1-1561x1033.jpg","KZGVOj2+ucI/sawGzDON4Q==":"mbr-72-1920x1280.jpg","FaMrYyk247rTUkbJaPisSQ==":"mbr-10-1920x1281.jpg","JW1TaW5MDvBY1U+a5BfatQ==":"mbr-1-1561x1041.jpg","1UcIGl+C6pIhTrOpG3U0Dw==":"mbr-1920x1185.jpg","mwsmBsScu0JCovUtzMlJow==":"mbr-73-1920x1280.jpg","WwBvdyHRjku5vbEvjh9EQg==":"mbr-1561x1038.jpg","AP02kiNV75QkZEsj4glupg==":"mbr-5-1920x1275.jpg","BUMJsBl6DeTcg4hzwJnCFA==":"mbr-1561x1040.jpg","3ImYA4WV40xbyykSMw5Y9Q==":"mbr-74-1920x1280.jpg","8ccZrqxNCrSx311IPBtaVQ==":"mbr-1920x721.jpg","Lwc3ApdNdOA/kCkbB7t12w==":"mbr-2-1561x1041.jpg","BCmZNCoEqnjmfc1eP2b8Hg==":"mbr-75-1920x1280.jpg","YHLxOWt1zHCXQhEWTF61Dg==":"mbr-3-1920x1279.jpg","nbLq71OKfq4T+I9QhuzJwg==":"mbr-1561x1088.jpg","hT9lbW1XgQBmBMByL0Z0qg==":"mbr-76-1920x1280.jpg","aJAtPdWAN5ZZZWtHq8wc9w==":"mbr-2-1561x1033.jpg","sZRlU+wpHrbDYDuWSJnXCg==":"mbr-77-1920x1280.jpg","57BCm+YBoMq2tgAHokx1Dw==":"mbr-1920x1281.jpg","mfdFflvR7tUiooCXSG1zaw==":"mbr-1295x867.jpg","yat7k87MlUDXk1bJyRRTLw==":"mbr-1920x1280.jpg","UT2geDbFIiBADEro07QEHg==":"mbr-1-1920x1280.jpg","IEUbPDi8lpl4yJRHJFhlIQ==":"mbr-1295x863.jpg","r1n0yDSmLZ2AlxC7jPqNvw==":"mbr-1920x1371.jpg","AAnxBc36ZUgWPAq95G8yDQ==":"mbr-1920x1275.jpg","OGfCbBF4r75BGMx1D0qC6w==":"mbr-1-1920x1275.jpg","05rjW3ll+MiceCsvJa/AHQ==":"mbr-2-1920x1280.jpg","tTxx/2tAO2ju6cFnzd15QA==":"mbr-1374x916.jpg","4GQofpy76eX6zkHmHz8v7w==":"mbr-1-1920x1281.jpg","3FXRho3MuQse65qi7nl6HA==":"mbr-3-1920x1280.jpg","HESPnVhw5jUhWL9qE+smxg==":"mbr-4-1920x1280.jpg","IvI+81NXBGMbKveTWgadhA==":"mbr-1-1374x916.jpg","kV04joUOkb02wWUGZIcN9Q==":"mbr-1920x1440.jpg","al4WOLvszymPE16muDCIfw==":"mbr-1374x914.jpg","gEYjVVf45OxxPiKxPDKulA==":"mbr-5-1920x1280.jpg","8ncUa8spzpcdlXuQ08JtYg==":"mbr-6-1920x1280.jpg","NsZDrmhoW3cNOsQQS9wn6A==":"mbr-1374x765.jpg","6hbCt1pSNKODcqD/33E3RA==":"mbr-1920x1282.jpg","9nVbzkQFzvPAl+EP/qspbg==":"mbr-1374x933.jpg","WseJL6twZI8BcFqI/ZF+WA==":"mbr-2-1374x916.jpg","O04U0nCbPn1OWG5vMFjGhw==":"mbr-7-1920x1280.jpg","nxr+qp52miOem1jqD+ytOw==":"mbr-8-1920x1280.jpg","X9zqACw6xTMEAjPaowoAag==":"mbr-3-1374x916.jpg","HouAIYhhveDedtA2BNR21w==":"mbr-9-1920x1280.jpg","W8YuYL/ZWSYj1G59wzb+KA==":"mbr-1374x990.png","Qwwhq2kLQJKKOTIChmyU9Q==":"mbr-10-1920x1280.jpg","RxKIYUxgESAL26fHgSyXbQ==":"mbr-2-1920x1281.jpg","20oraKEa9eplH31A7plqDg==":"mbr-1374x1049.png","sVyk0DMtNfP9Ke4pXOXIDA==":"mbr-3-1920x1281.jpg","aIZeH361yRrukQ/E2plhew==":"mbr-11-1920x1280.jpg","GctsZ41Wg9kvKat8jm+yHQ==":"mbr-1374x850.jpg","N5YL7vWrWATYaJUg2iLIdQ==":"mbr-12-1920x1280.jpg","s1x04yex9fXQGHcCLPa/BA==":"mbr-1920x1200.jpg","Ep1g1eVA0WY+YpjPF4w1Bw==":"mbr-4-1374x916.jpg","JMbiqsD4iCHyhgBO/Ch+OQ==":"mbr-2-1920x1275.jpg","f3LF+WrcYrMH3v3mOIvlJw==":"mbr-14-1920x1280.jpg","AoobLzoBHOK2Lu5OMebm7w==":"mbr-1374x915.jpg","1Qufg8sdhsh3ITocMwuOLQ==":"mbr-15-1920x1280.jpg","ROjiXLEQxVtOIWNJatb8Gg==":"mbr-5-1374x916.jpg","FJKvZ65AqEsbKkMKmON4AQ==":"mbr-16-1920x1280.jpg","rPxtlSrNRsLXp5CbOmwiQg==":"mbr-17-1920x1280.jpg","Zt9HXHzLJIzdMcQF+gfdrw==":"mbr-6-1374x916.jpg","L1fS+p0lkoY/99JlCWmeIw==":"mbr-19-1920x1280.jpg","G15O+V0BRUnt6ZoRfeTF2Q==":"mbr-7-1374x916.jpg","zXtzqwlJxGdc1meOcyqZHw==":"mbr-20-1920x1280.jpg","a70M6rcxPE9FyF+7d+MpRw==":"mbr-1374x981.jpg","JTKeutiAXkGfhhjRsX0s6Q==":"mbr-1920x1279.jpg","VltV6JLoM/jwtb/3WMMAIA==":"mbr-1920x1275.jpg","jkeXCvtk/021Nf77shm1Sw==":"mbr-1374x995.jpg","Xclu1UYy08mjKGDrZ5IAoA==":"mbr-1920x1281.jpg","sVm3JdB3v9m7cDbhx6o/Wg==":"mbr-1374x916.jpg","3it9HOZk6O0g8TdyUaNuvw==":"mbr-1920x1153.jpg","w4PGotYvQ/heyZBzwD1PyA==":"mbr-1920x1286.jpg","0gtVmb1kHf81+YAmCPuoIg==":"mbr-1-1374x916.jpg","Wts8Xw6IopRQhAXre7xMUA==":"mbr-1-1920x1281.jpg","nZBRPWqF83mDG0pQ7Y8rvw==":"mbr-1920x1276.jpg","WB0ey9I/kLw+fy56UsL3PQ==":"mbr-1374x917.jpg","0ja+TejQPSLaoMmS6bztBA==":"mbr-1920x1280.jpg","BSjh8P5zxQUo7AIzfBL3yw==":"mbr-1-1920x1280.jpg","cI3ulxU3TgA2g2pm2wrjEQ==":"mbr-2-1374x916.jpg","NLU6Hwn83Ok9+mcwC65Jaw==":"mbr-2-1920x1280.jpg","wIeaEwW8WMTrX8OxLPuzXw==":"mbr-3-1374x916.jpg","W56h4Pt31Huuie4T7GpGcg==":"mbr-4-1374x916.jpg","cv69dweWMREFVKyWb9exxQ==":"mbr-5-1374x916.jpg","EUlHW7Nre3QR2ij/7Fsn7Q==":"mbr-1-1920x1279.jpg","dvmtyo4KDdef2cf2dJNyAw==":"mbr-6-1374x916.jpg","VWF3Mb2n5vL1YwAlgRRP8A==":"mbr-1920x1246.jpg","VKlLPxCxCHHaLf7Nc1YygA==":"mbr-1374x839.jpg","Z/RCxvKS8melIo2DAql7LQ==":"mbr-3-1920x1280.jpg","kFxpAnARm0dohpWawNFZmA==":"mbr-2-1920x1281.jpg","gKTkgEU/LzLbdQ/N5OD/nQ==":"mbr-1374x993.jpg","Z3VqjA8+V43ypoomNSvYhQ==":"mbr-4-1920x1280.jpg","+/zWVsJhFtTGcXr+GbNTgA==":"mbr-8-1374x916.jpg","Ouit+Uk/Ei5MG05SyppRPw==":"mbr-5-1920x1280.jpg","jwEL60JNIISOxq/Z5i5wMg==":"mbr-1920x1271.jpg","G/Qn6Houe9yOpVou98mjwQ==":"mbr-1920x960.jpg","HxgIV/GCDa7nQl9r+MGHyQ==":"mbr-6-1920x1280.jpg","SsKmKbYZmZ/3lJklIWlzwg==":"mbr-9-1374x916.jpg","04c7mfsbs5dKEXXtXUapUw==":"mbr-1374x916.jpg","w1fUWGoQEjQKoY0EZLKXJQ==":"mbr-1920x1271.jpg","h7THzLDSZ9BCeZdXvvxDgA==":"mbr-1920x1280.jpg","a+CVE6YGjf40jhB/8nPyRw==":"mbr-1-1374x916.jpg","wbdrSU/lOF2DF0OCBHaA2Q==":"mbr-1374x916.jpg","cgZUZFCZP7Y1DOoZ4K0iJQ==":"mbr-1-1920x1280.jpg","JerV4F0IAaro4WckjIptSw==":"mbr-2-1374x916.jpg","hrwlFi1AAyncZnSC23tecA==":"mbr-3-1374x916.jpg","wy0F4v6ukDZc5CVs02X+HA==":"mbr-1920x1200.jpg","KEujlmwTpfoB5X+gAo1v4Q==":"mbr-2-1920x1280.jpg","F6ak6G/DxXwTNj+e+YlmVA==":"mbr-4-1374x916.jpg","EldLz2sJ9Joolw5Yenfkyg==":"mbr-1374x958.jpg","lkdBhD/34/+TkolitPxJTQ==":"mbr-5-1374x916.jpg","Z0XL0UR+E/AclZfQ9KRw2Q==":"mbr-1920x1080.jpg","r+plAzZrp9Uekc6j9CRGgw==":"mbr-6-1374x916.jpg","t1R90eisESOXDnISoxn5KQ==":"mbr-4-1920x1280.jpg","0b+sem6uH1fJgZ3F4bFbdA==":"mbr-7-1374x916.jpg","/HDvP/pM1D/SSfnsd5HviA==":"mbr-1920x1355.jpg","BGYDt4JzalOxgd6wrS67+w==":"mbr-1493x1920.png","zoQDjA7nEC5Yvcy21B7yvA==":"mbr-1920x1280.jpg","W2UzVyCyNthytRDUXUe6qQ==":"mbr-1374x916.jpg","qXNTe6dVnaw8kj+xZCee5w==":"mbr-1920x1080.jpg","bDAgyeoflbdf7YUKMeLHgw==":"mbr-1-1374x916.jpg","1TH4kJHTya7mybEvwwwS1w==":"mbr-1-1920x1280.jpg","Uq7ohdiupEBrHZ517c6wvA==":"mbr-2-1920x1280.jpg","s/vllZUDDNXS1uOyhsn9og==":"mbr-3-1920x1280.jpg","MKQWGFJUwacJyFaGjvafKA==":"mbr-1374x912.jpg","ValcFH7jycX7PbwrpubzZg==":"mbr-1920x1278.jpg","ZOPozG9nQRJbphv4cj9udA==":"mbr-1920x1275.jpg","ixakgU0UWkOfBJzKAzLdQA==":"mbr-1374x916.jpg","sdxmNaqTPqjmLdpV9FUyig==":"mbr-1920x1280.jpg","1mSRGDS4/LRCkDMd2fd1Gw==":"mbr-1-1920x1280.jpg","ZPVFG0ycD92L71Jg7+eLJg==":"mbr-1-1374x916.jpg","GemGV4PyWfcfHfCzM/v/2Q==":"mbr-1920x1280.jpg","GRb88lS477PGjBSqB4sl0Q==":"mbr-1374x913.jpg","9JcyuPJlfWxJ3bn5VnLNkw==":"mbr-2-1920x1280.jpg","tktOj/fKX0TJQKHvVDNl+A==":"mbr-1-1920x1280.jpg","JY9FYkW3Y40IDBsAfpdKvA==":"mbr-1374x916.jpg","bsCvqayP6KkVxkAL+NpmoQ==":"mbr-1920x1280.jpg","6PZ8VosYCdllkrkHsA/QTQ==":"mbr-1-1374x916.jpg","G9mQwczLydkrMHxXS/zOvA==":"mbr-2-1920x1280.jpg","DRKSGdvNnDPdZPnjS6+luw==":"mbr-1374x916.jpg","lPdBfAqCRhN2SOtHOnxRYQ==":"mbr-1920x1281.jpg","trSpU4HbNb674C/NkgR8zw==":"mbr-1-1920x1280.jpg","EmMV/mzpfT5hZDOpHhqEog==":"mbr-2-1374x916.jpg","mtYcE64HuHur3ftPEUz15g==":"mbr-1920x1279.jpg","d4jluFEvInSq9opG4soRsg==":"mbr-1-1920x1279.jpg","QtioxuR4j6k1lJxWHAHi4Q==":"mbr-1374x917.jpg","Rfdq1yyV09G8pjW69UUe4Q==":"mbr-4-1920x1280.jpg","Oqd8qJy3bfMsmGS2wHvmXw==":"mbr-3-1374x916.jpg","z6lCiojdgiEeU4jJsNBCDg==":"mbr-2-1920x1279.jpg","GqjwBUGVkoJR59En3/FZeA==":"mbr-1920x1156.jpg","TCoDhI6qDGlXpZcBTN47Nw==":"mbr-1374x848.jpg","nL0ooV8IaRNJa58IgTvOdQ==":"mbr-1920x1275.jpg","8Q/9vuabTSch/yLrE0Z/0w==":"mbr-1920x1297.jpg","Bye8uz0pHy2+0xWsRMT1IQ==":"mbr-1374x915.jpg","kP+nTdfmbAJ0nfhj0rZkcQ==":"mbr-1374x910.jpg","E2Sk4eY0I+GzXvECw8IIug==":"mbr-1920x1276.jpg","pLK5BUkM3wKgtOZj0Bkmcg==":"mbr-5-1920x1280.jpg","iIxuCSuWa4I6O4hPWBWXug==":"mbr-4-1374x916.jpg","mArva+EiyaQX9RSqbWCtwA==":"mbr-6-1920x1280.jpg","eCerWEEezX9gdPc6Zx2cZw==":"mbr-1374x825.jpg","tOnbWESMhxR6CfDWxzNhrA==":"mbr-1920x1271.jpg","+SCc2TQ9KGLs2FDZg9P3gw==":"mbr-5-1374x916.jpg","k3HBnwPey/PPTetRyG0q0g==":"mbr-1920x1106.jpg","lAlGNA1cb5g/+G9jDkQM8Q==":"mbr-7-1920x1280.jpg","NlB9vfJwDe5yA2J4mvyFhw==":"mbr-1374x912.jpg","lSpx5T3MJrOHb9HtNG14Mw==":"mbr-1374x970.jpg","w1x3tx4iTxCHIaKWUjNDLQ==":"mbr-1920x1188.jpg","m+G7I8jf2/waxa8j1uJodw==":"mbr-8-1920x1280.jpg","YSWN5z5GsxpGREsckshsog==":"mbr-6-1374x916.jpg","rWA40ul0hYP3xiy9lmRycw==":"mbr-1920x1338.jpg","95mOw5lmKicwad/9i6eGYg==":"mbr-7-1374x916.jpg","06Tueg3f/TINIrvSTlRYPA==":"mbr-1374x824.jpg","0BQi6eAja5hXy9MKLAX4DQ==":"mbr-1920x1173.jpg"}